<?xml version="1.0" encoding="UTF-8"?>
<!DOCTYPE mapper PUBLIC "-//mybatis.org//DTD Mapper 3.0//EN" "http://mybatis.org/dtd/mybatis-3-mapper.dtd">
<mapper namespace="com.sinosoft.service.business.db.dao.PipelineReportMapper">
  <resultMap id="BaseResultMap" type="com.sinosoft.service.business.db.vo.PipelineReport">
    <id column="TRANSNO" jdbcType="VARCHAR" property="transno" />
    <id column="FLAG" jdbcType="VARCHAR" property="flag" />
    <result column="PAYMENTYEAR" jdbcType="VARCHAR" property="paymentyear" />
    <result column="BAK1" jdbcType="VARCHAR" property="bak1" />
    <result column="BAK2" jdbcType="VARCHAR" property="bak2" />
    <result column="REPORTDATE" jdbcType="DATE" property="reportdate" />
    <result column="RELATED" jdbcType="VARCHAR" property="related" />
  </resultMap>
 <select id="selectBytransnoAndflag" resultType="com.sinosoft.service.business.db.vo.PipelineReport">
 	select * from pipelinereport p 
 	where p.transno =#{transno} and p.flag =#{flag}
 </select>
 <select id="selectBytransnoAndmainpol" resultType="com.sinosoft.service.business.db.vo.lcpolVo">
 	
	select * from lcpol p where p.transno =#{transno} and p.kindcode =p.riskcode
 </select>
 
 <select id="selectBypiplineno" resultType="com.sinosoft.pipline.db.bean.Piplineinfo">
 	
	select * from piplineinfo p where p.piplineno =#{piplineno} 
 </select>
 <select id="selectPiplineeomBydate" resultType="com.sinosoft.pipline.service.pipline.excel.bean.PipelineDateBean">
  select 
  to_char (p.startdate,'yyyyMMdd') startDate,
  to_char (p.enddate,'yyyyMMdd') endDate, 
  to_char (p.startdate,'yyyy-mm-dd hh24:mi:ss ') startDateAndTime,
  to_char (p.enddate,'yyyy-mm-dd hh24:mi:ss') endDateAndTime  
  from piplineeom p where concat(p.year,decode(sign(p.month-10),-1,0||p.month,p.month))=#{date}
 </select>
 <select id="selectPipdate" resultType="com.sinosoft.pipline.service.pipline.excel.bean.PipelineDateBean">
  select 
  to_char (p.startdate,'yyyyMMdd') startDate,
  to_char (p.enddate,'yyyyMMdd') endDate, 
  to_char (p.startdate,'yyyy-mm-dd hh24:mi:ss ') startDateAndTime,
  to_char (p.enddate,'yyyy-mm-dd hh24:mi:ss') endDateAndTime  
  from piplineeom p where concat(p.year,p.month)=#{date}
 </select>
 
 <select id="selectPipBaseData" resultType="com.sinosoft.pipline.service.pipline.excel.bean.PiplineBaseData">
select * 
from (
select 
decode (pip.piplineno,'',lct.transno,pip.piplineno) transno ,
ld1.bankplace bankplace,
ld1.dvcode dvcode,
b1.branchcode branchname,
decode (pip.rmid,'',lct.operator,pip.rmid) rmid ,
pip.prem prem,
pip.successrate successrate,
lct.appflag appflag,
lct.chargecode chargecode,
(case                                                     
   when lp.payintv = 'M' and                            
        lct.insurancecom = 'ANZL' then                  
    decode(lct.sumprem, '', 0, lct.sumprem * 4)      
   when lp.payintv = 'M' and                            
        lct.insurancecom = 'MELI' then                  
    decode(lct.sumprem, '', 0, lct.sumprem * 6)      
   when lp.payintv = 'M' and                            
        lct.insurancecom = 'INSH' then                  
    decode(lct.sumprem, '', 0, lct.sumprem * 6)      
   when lp.payintv = 'M' and                            
        lct.insurancecom = 'PALI' then                  
    decode(lct.sumprem, '', 0, lct.sumprem * 6)      
   when lp.payintv = 'Q' then                           
    decode(lct.sumprem, '', 0, lct.sumprem * 4)      
   when lp.payintv = 'H' then                           
    decode(lct.sumprem, '', 0, lct.sumprem * 2)      
   when lp.payintv = 'Y' then                           
    decode(lct.sumprem, '', 0, lct.sumprem)          
   when lp.payintv = 'S' then                           
    decode(lct.sumprem, '', 0, lct.sumprem / 10)     
 end) as sumprem,
lp.payintv payintv,
decode (lp.riskcode,'',pip.riskcode ,lp.riskcode) investrulecode ,
p.paymentyear paymentyear,
decode (lp.payendyear,'',pip.payendyear ,lp.payendyear) paymentyearflag, 
decode (lp.conttype,'',pip.risktype ,lp.conttype) conttype ,
decode (lct.insurancecom,'',pip.insurance ,lct.insurancecom) insurancecom ,
to_char (p.reportdate,'yyyy-mm-dd hh24:mi:ss ') reportdate 
from            pipelinereport p
left join       piplineinfo pip on pip.piplineno = p.transno and P.RELATED ='Y'  and pip.autodropflag='0'
<if test='succrate !=null and succrate != "" '>
and  pip.successrate &gt;= #{succrate}
</if>
left join       lccont lct      on lct.transno =lct.transno  
and lct.transno= p.transno and p.flag ='ybt' and lct.appflag in ('02','05','09','12','14') and  P.RELATED ='Y'
left join       ldcom  ld1      on (ld1.comcode = pip.branch or ld1.comcode = lct.managecom)
left join       branch  b1      on (b1.branchcode = pip.branch or b1.branchcode = lct.managecom) and b1.enabled ='Y' 
left join       lcpol   lp      on lp.transno = lct.transno and lct.riskcode = lp.riskcode
where  p.reportdate &gt;=to_date(#{startdate},'yyyy-MM-dd hh24:mi:ss') 
and p.reportdate &lt;=to_date(#{enddate},'yyyy-MM-dd  hh24:mi:ss') 
)  pipebase  
where  1=1
<if test='ili !=null  and ili !=""  and ili=="Y" '>
and  pipebase.conttype = '01'
</if>
<if test='ili !=null  and ili !=""  and ili=="N" '>
and  pipebase.conttype != '01'
</if>   
<if test='insuranscom !=null  and insuranscom !="" '>
and  pipebase.insurancecom = #{insuranscom}
</if>      
order by pipebase.bankplace,pipebase.dvcode,pipebase.branchname,pipebase.rmid
 </select>
 
 <select id="selectPipBaseDataRev" resultType="com.sinosoft.pipline.service.pipline.excel.bean.PiplineBaseData">
select * 
from (
select 
decode (pip.piplineno,'',lct.transno,pip.piplineno) transno ,
ld1.bankplace bankplace,
ld1.dvcode dvcode,
b1.branchcode branchname,
decode (pip.rmid,'',lct.operator,pip.rmid) rmid ,
pip.prem prem,
pip.successrate successrate,
lct.appflag appflag,
lct.chargecode chargecode,
(case                                                     
   when lp.payintv = 'M' and                            
        lct.insurancecom = 'ANZL' then                  
    decode(lct.sumprem, '', 0, lct.sumprem * 4)      
   when lp.payintv = 'M' and                            
        lct.insurancecom = 'MELI' then                  
    decode(lct.sumprem, '', 0, lct.sumprem * 6)      
   when lp.payintv = 'M' and                            
        lct.insurancecom = 'INSH' then                  
    decode(lct.sumprem, '', 0, lct.sumprem * 6)      
   when lp.payintv = 'M' and                            
        lct.insurancecom = 'PALI' then                  
    decode(lct.sumprem, '', 0, lct.sumprem * 6)      
   when lp.payintv = 'Q' then                           
    decode(lct.sumprem, '', 0, lct.sumprem * 4)      
   when lp.payintv = 'H' then                           
    decode(lct.sumprem, '', 0, lct.sumprem * 2)      
   when lp.payintv = 'Y' then                           
    decode(lct.sumprem, '', 0, lct.sumprem)          
   when lp.payintv = 'S' then                           
    decode(lct.sumprem, '', 0, lct.sumprem / 10)     
 end) as sumprem,
lp.payintv payintv,
decode (lp.riskcode,'',pip.riskcode ,lp.riskcode) investrulecode ,
p.paymentyear paymentyear,
decode (lp.payendyear,'',pip.payendyear ,lp.payendyear) paymentyearflag, 
decode (lp.conttype,'',pip.risktype ,lp.conttype) conttype ,
decode (lct.insurancecom,'',pip.insurance ,lct.insurancecom) insurancecom ,
to_char (p.reportdate,'yyyy-mm-dd hh24:mi:ss ') reportdate 
from            pipelinereport p
left join       piplineinfo pip on pip.piplineno = p.transno and P.RELATED ='Y'  and pip.autodropflag='0'
<if test='succrate !=null and succrate != "" '>
and  pip.successrate &gt;= #{succrate}
</if>
left join       lccont lct      on lct.transno =lct.transno  
and lct.transno= p.transno and p.flag ='ybt' and lct.appflag in ('02','05','09','12','14') and  P.RELATED ='Y'
left join       ldcom  ld1      on (ld1.comcode = pip.branch or ld1.comcode = lct.managecom)
left join       branch  b1      on (b1.branchcode = pip.branch or b1.branchcode = lct.managecom) and b1.enabled ='Y'   
left join       lcpol   lp      on lp.transno = lct.transno and lct.riskcode = lp.riskcode
where  p.reportdate &gt;=to_date(#{startdate},'yyyy-MM-dd hh24:mi:ss') 
and p.reportdate &lt;=to_date(#{enddate},'yyyy-MM-dd  hh24:mi:ss') 
)  pipebase  
where  1=1
<if test='ili !=null  and ili !=""  and ili=="Y" '>
and  pipebase.conttype = '01'
</if>
<if test='ili !=null  and ili !=""  and ili=="N" '>
and  pipebase.conttype != '01'
</if>   
<if test='insuranscom !=null  and insuranscom !="" '>
and  pipebase.insurancecom = #{insuranscom}
</if>      
order by pipebase.bankplace,pipebase.dvcode,pipebase.branchname,pipebase.rmid
 </select> 
 
 <select id="selectMargRate" resultType="com.sinosoft.pipline.service.pipline.excel.bean.MargBean">
 	
select
 m.ic insuranscom,
 m.product riskcode,
 m.paymentterm  payendyear,
 m.payendyearflag payendyearflag,
 m.commissionrate rate
 from margintable m where m.policyyear ='1'
 </select>
 
 <update id="updatePipeStauts" parameterType="com.sinosoft.service.business.db.vo.PipelineReport">
 update PipelineReport
  <set>
       <if test="paymentyear != null">
           PAYMENTYEAR = #{paymentyear,jdbcType=VARCHAR},
       </if>
       <if test="bak1 !=null">
           BAK1=#{bak1,jdbcType=VARCHAR},
       </if>
       <if test="bak2 !=null">
           BAK2=#{bak2,jdbcType=VARCHAR},
       </if>
       <if test="reportdate !=null">
           REPORTDATE=#{reportdate,jdbcType=DATE},
       </if>
       <if test="related !=null">
           RELATED=#{related,jdbcType=DATE},
       </if>
 </set>
        where TRANSNO = #{transno,jdbcType=VARCHAR}
         and  FLAG = #{flag,jdbcType=VARCHAR} 
 </update>
 
 <select id="selectpipBytransno" resultType="com.sinosoft.pipline.db.bean.Piplineinfo">
 	select * from piplineinfo p where p.transno = #{transno} and p.proposalcontno=#{proposalcontno} 
 </select>
 
 <update id="updatepipinfo" parameterType="com.sinosoft.pipline.db.bean.Piplineinfo">
 update piplineinfo
  <set>
       <if test="receipt !=null">
           RECEIPT=#{receipt,jdbcType=DATE},
       </if>
 </set>
        where TRANSNO = #{transno,jdbcType=VARCHAR}
         and  PROPOSALCONTNO = #{proposalcontno,jdbcType=VARCHAR} 
 </update>
</mapper>